<?xml version="1.0" encoding="UTF-8"?>
<beans xmlns="http://www.springframework.org/schema/beans"
	xmlns:xsi="http://www.w3.org/2001/XMLSchema-instance"
	xmlns:context="http://www.springframework.org/schema/context"
	xmlns:tx="http://www.springframework.org/schema/tx"
	xsi:schemaLocation="http://www.springframework.org/schema/beans http://www.springframework.org/schema/beans/spring-beans-3.2.xsd
		http://www.springframework.org/schema/tx http://www.springframework.org/schema/tx/spring-tx-3.2.xsd
		http://www.springframework.org/schema/context http://www.springframework.org/schema/context/spring-context-3.2.xsd">

    <context:component-scan base-package="com.rulefinancial.testconference" />
	<tx:annotation-driven />

	<bean id="dataSource"
		class="org.springframework.jdbc.datasource.DriverManagerDataSource">
		<property name="driverClassName" value="com.mysql.jdbc.Driver" />
		<property name="url" value="jdbc:mysql://127.0.0.1:3306/registrationsmobilization?autoReconnect=true&amp;useUnicode=true&amp;createDatabaseIfNotExist=true&amp;characterEncoding=utf-8" />
		<property name="username" value="rcapp" />
		<property name="password" value="Gfgjhjnybr!0" />
		<!--property name="username" value="myuser" />
		<property name="password" value="mypass" /-->

		
	</bean>


	<bean id="sessionFactory"
		class="org.springframework.orm.hibernate4.LocalSessionFactoryBean">
		<property name="dataSource" ref="dataSource"></property>
		<!-- <property name="packagesToScan" value="com.rulefinancial.wd"></property> -->
		<property name="annotatedClasses">
			<list>
				<value>com.rulefinancial.testconference.registrationdata.RegistrationEntity</value>
				<value>com.rulefinancial.testconference.registrationdata.QuestionEntity</value>
				<value>com.rulefinancial.testconference.registrationdata.AnswerEntity</value>
				<value>com.rulefinancial.testconference.registrationdata.BonusEntity</value>
				<value>com.rulefinancial.testconference.registrationdata.PrizeEntity</value>
			</list>
		</property>
		<property name="hibernateProperties">
			<props>
				<prop key="hibernate.dialect">org.hibernate.dialect.MySQL5InnoDBDialect</prop>
				<prop key="hibernate.hbm2ddl.auto">update</prop>
				<prop key="hibernate.connection.CharSet">utf8</prop>
        		<prop key="hibernate.connection.characterEncoding">utf8</prop>
        		<prop key="hibernate.connection.useUnicode">true</prop>
			</props>
		</property>
	</bean>
	<bean
		class="org.springframework.dao.annotation.PersistenceExceptionTranslationPostProcessor">
	</bean>
	<bean id="transactionManager"
		class="org.springframework.orm.hibernate4.HibernateTransactionManager">
		<property name="sessionFactory" ref="sessionFactory"></property>
	</bean>
    

</beans>
