<?xml version="1.0" encoding="UTF-8"?>
<module rename-to='registrationpanel'>
	<!-- Inherit the core Web Toolkit stuff. -->
	<inherits name='com.google.gwt.user.User' />
	<inherits name='com.google.gwt.activity.Activity' />
	<inherits name='com.google.gwt.place.Place' />

	<!-- We need the JUnit module in the main module, -->
	<!-- otherwise eclipse complains (Google plugin bug?) -->
	<inherits name='com.google.gwt.junit.JUnit' />

	<!-- Inherit the default GWT style sheet. You can change -->
	<!-- the theme of your GWT application by uncommenting -->
	<!-- any one of the following lines. -->
	<inherits name='com.google.gwt.user.theme.standard.Standard' />
	<!-- <inherits name='com.google.gwt.user.theme.chrome.Chrome'/> -->
	<!-- <inherits name='com.google.gwt.user.theme.dark.Dark'/> -->

	<!-- Other module inherits -->

	<!-- Specify the app entry point class. -->
	<entry-point
		class='com.rulefinancial.testconference.panel.client.RegistrationPanelTable' />

	<!-- Specify the paths for translatable code -->
	<source path='client' />
	<source path='shared' />

	<inherits name="org.hibernate.validator.HibernateValidator" />
	<replace-with
		class="com.rulefinancial.testconference.panel.shared.QuestionsValidatorFactory">
		<when-type-is class="javax.validation.ValidatorFactory" />
	</replace-with>
</module>
